{
  "title": "Understanding Artificial Intelligence",
  "outline": [
    {
      "level": "H1",
      "text": "Understanding Artificial Intelligence",
      "page": 1
    },
    {
      "level": "H1",
      "text": "1. Introduction to AI",
      "page": 1
    },
    {
      "level": "H2",
      "text": "1.1 Definition",
      "page": 1
    },
    {
      "level": "H2",
      "text": "1.2 History",
      "page": 1
    },
    {
      "level": "H1",
      "text": "2. Applications",
      "page": 1
    },
    {
      "level": "H2",
      "text": "2.1 Healthcare",
      "page": 1
    },
    {
      "level": "H2",
      "text": "2.2 Finance",
      "page": 1
    },
    {
      "level": "H3",
      "text": "2.2.1 Fraud Detection",
      "page": 1
    },
    {
      "level": "H3",
      "text": "2.2.2 Algorithmic Trading",
      "page": 1
    },
    {
      "level": "H1",
      "text": "3. Future of AI",
      "page": 1
    },
    {
      "level": "H2",
      "text": "3.1 Trends",
      "page": 1
    },
    {
      "level": "H2",
      "text": "3.2 Ethics",
      "page": 1
    }
  ]
}