{
  "title": "Basics of Organic Chemistry",
  "outline": [
    {
      "level": "H1",
      "text": "Basics of Organic Chemistry",
      "page": 1
    },
    {
      "level": "H1",
      "text": "1. Introduction",
      "page": 1
    },
    {
      "level": "H2",
      "text": "1.1 Organic Molecules",
      "page": 1
    },
    {
      "level": "H2",
      "text": "1.2 Functional Groups",
      "page": 1
    },
    {
      "level": "H1",
      "text": "2. Reactions",
      "page": 1
    },
    {
      "level": "H2",
      "text": "2.1 Addition Reactions",
      "page": 1
    },
    {
      "level": "H3",
      "text": "2.1.1 Electrophilic Addition",
      "page": 1
    },
    {
      "level": "H3",
      "text": "2.1.2 Nucleophilic Addition",
      "page": 1
    },
    {
      "level": "H2",
      "text": "2.2 Substitution Reactions",
      "page": 1
    },
    {
      "level": "H1",
      "text": "3. Conclusion",
      "page": 1
    }
  ]
}