{
  "title": "2024 Annual Financial Overview",
  "outline": [
    {
      "level": "H1",
      "text": "2024 Annual Financial Overview",
      "page": 1
    },
    {
      "level": "H1",
      "text": "1. Executive Summary",
      "page": 1
    },
    {
      "level": "H2",
      "text": "1.1 Revenue Highlights",
      "page": 1
    },
    {
      "level": "H1",
      "text": "2. Departmental Spending",
      "page": 1
    },
    {
      "level": "H2",
      "text": "2.1 R&D Budget",
      "page": 1
    },
    {
      "level": "H2",
      "text": "2.2 Marketing Expenditures",
      "page": 1
    },
    {
      "level": "H3",
      "text": "2.2.1 Digital Marketing",
      "page": 1
    },
    {
      "level": "H3",
      "text": "2.2.2 Offline Campaigns",
      "page": 1
    }
  ]
}