{
  "title": "H1: Chapter 1",
  "outline": [
    {
      "level": "H1",
      "text": "H1: Chapter 1",
      "page": 1
    },
    {
      "level": "H2",
      "text": "H2: Section 1.1",
      "page": 1
    },
    {
      "level": "H3",
      "text": "H3: Subsection 1.1.1",
      "page": 1
    },
    {
      "level": "H1",
      "text": "H1: Chapter 2",
      "page": 2
    },
    {
      "level": "H2",
      "text": "H2: Section 2.1",
      "page": 2
    },
    {
      "level": "H3",
      "text": "H3: Subsection 2.1.1",
      "page": 2
    },
    {
      "level": "H1",
      "text": "H1: Chapter 3",
      "page": 3
    },
    {
      "level": "H2",
      "text": "H2: Section 3.1",
      "page": 3
    },
    {
      "level": "H3",
      "text": "H3: Subsection 3.1.1",
      "page": 3
    },
    {
      "level": "H1",
      "text": "H1: Chapter 4",
      "page": 4
    },
    {
      "level": "H2",
      "text": "H2: Section 4.1",
      "page": 4
    },
    {
      "level": "H3",
      "text": "H3: Subsection 4.1.1",
      "page": 4
    },
    {
      "level": "H1",
      "text": "H1: Chapter 5",
      "page": 5
    },
    {
      "level": "H2",
      "text": "H2: Section 5.1",
      "page": 5
    },
    {
      "level": "H3",
      "text": "H3: Subsection 5.1.1",
      "page": 5
    },
    {
      "level": "H1",
      "text": "H1: Chapter 6",
      "page": 6
    },
    {
      "level": "H2",
      "text": "H2: Section 6.1",
      "page": 6
    },
    {
      "level": "H3",
      "text": "H3: Subsection 6.1.1",
      "page": 6
    },
    {
      "level": "H1",
      "text": "H1: Chapter 7",
      "page": 7
    },
    {
      "level": "H2",
      "text": "H2: Section 7.1",
      "page": 7
    },
    {
      "level": "H3",
      "text": "H3: Subsection 7.1.1",
      "page": 7
    },
    {
      "level": "H1",
      "text": "H1: Chapter 8",
      "page": 8
    },
    {
      "level": "H2",
      "text": "H2: Section 8.1",
      "page": 8
    },
    {
      "level": "H3",
      "text": "H3: Subsection 8.1.1",
      "page": 8
    },
    {
      "level": "H1",
      "text": "H1: Chapter 9",
      "page": 9
    },
    {
      "level": "H2",
      "text": "H2: Section 9.1",
      "page": 9
    },
    {
      "level": "H3",
      "text": "H3: Subsection 9.1.1",
      "page": 9
    },
    {
      "level": "H1",
      "text": "H1: Chapter 10",
      "page": 10
    },
    {
      "level": "H2",
      "text": "H2: Section 10.1",
      "page": 10
    },
    {
      "level": "H3",
      "text": "H3: Subsection 10.1.1",
      "page": 10
    },
    {
      "level": "H1",
      "text": "H1: Chapter 11",
      "page": 11
    },
    {
      "level": "H2",
      "text": "H2: Section 11.1",
      "page": 11
    },
    {
      "level": "H3",
      "text": "H3: Subsection 11.1.1",
      "page": 11
    },
    {
      "level": "H1",
      "text": "H1: Chapter 12",
      "page": 12
    },
    {
      "level": "H2",
      "text": "H2: Section 12.1",
      "page": 12
    },
    {
      "level": "H3",
      "text": "H3: Subsection 12.1.1",
      "page": 12
    },
    {
      "level": "H1",
      "text": "H1: Chapter 13",
      "page": 13
    },
    {
      "level": "H2",
      "text": "H2: Section 13.1",
      "page": 13
    },
    {
      "level": "H3",
      "text": "H3: Subsection 13.1.1",
      "page": 13
    },
    {
      "level": "H1",
      "text": "H1: Chapter 14",
      "page": 14
    },
    {
      "level": "H2",
      "text": "H2: Section 14.1",
      "page": 14
    },
    {
      "level": "H3",
      "text": "H3: Subsection 14.1.1",
      "page": 14
    },
    {
      "level": "H1",
      "text": "H1: Chapter 15",
      "page": 15
    },
    {
      "level": "H2",
      "text": "H2: Section 15.1",
      "page": 15
    },
    {
      "level": "H3",
      "text": "H3: Subsection 15.1.1",
      "page": 15
    },
    {
      "level": "H1",
      "text": "H1: Chapter 16",
      "page": 16
    },
    {
      "level": "H2",
      "text": "H2: Section 16.1",
      "page": 16
    },
    {
      "level": "H3",
      "text": "H3: Subsection 16.1.1",
      "page": 16
    },
    {
      "level": "H1",
      "text": "H1: Chapter 17",
      "page": 17
    },
    {
      "level": "H2",
      "text": "H2: Section 17.1",
      "page": 17
    },
    {
      "level": "H3",
      "text": "H3: Subsection 17.1.1",
      "page": 17
    },
    {
      "level": "H1",
      "text": "H1: Chapter 18",
      "page": 18
    },
    {
      "level": "H2",
      "text": "H2: Section 18.1",
      "page": 18
    },
    {
      "level": "H3",
      "text": "H3: Subsection 18.1.1",
      "page": 18
    },
    {
      "level": "H1",
      "text": "H1: Chapter 19",
      "page": 19
    },
    {
      "level": "H2",
      "text": "H2: Section 19.1",
      "page": 19
    },
    {
      "level": "H3",
      "text": "H3: Subsection 19.1.1",
      "page": 19
    },
    {
      "level": "H1",
      "text": "H1: Chapter 20",
      "page": 20
    },
    {
      "level": "H2",
      "text": "H2: Section 20.1",
      "page": 20
    },
    {
      "level": "H3",
      "text": "H3: Subsection 20.1.1",
      "page": 20
    },
    {
      "level": "H1",
      "text": "H1: Chapter 21",
      "page": 21
    },
    {
      "level": "H2",
      "text": "H2: Section 21.1",
      "page": 21
    },
    {
      "level": "H3",
      "text": "H3: Subsection 21.1.1",
      "page": 21
    },
    {
      "level": "H1",
      "text": "H1: Chapter 22",
      "page": 22
    },
    {
      "level": "H2",
      "text": "H2: Section 22.1",
      "page": 22
    },
    {
      "level": "H3",
      "text": "H3: Subsection 22.1.1",
      "page": 22
    },
    {
      "level": "H1",
      "text": "H1: Chapter 23",
      "page": 23
    },
    {
      "level": "H2",
      "text": "H2: Section 23.1",
      "page": 23
    },
    {
      "level": "H3",
      "text": "H3: Subsection 23.1.1",
      "page": 23
    },
    {
      "level": "H1",
      "text": "H1: Chapter 24",
      "page": 24
    },
    {
      "level": "H2",
      "text": "H2: Section 24.1",
      "page": 24
    },
    {
      "level": "H3",
      "text": "H3: Subsection 24.1.1",
      "page": 24
    },
    {
      "level": "H1",
      "text": "H1: Chapter 25",
      "page": 25
    },
    {
      "level": "H2",
      "text": "H2: Section 25.1",
      "page": 25
    },
    {
      "level": "H3",
      "text": "H3: Subsection 25.1.1",
      "page": 25
    },
    {
      "level": "H1",
      "text": "H1: Chapter 26",
      "page": 26
    },
    {
      "level": "H2",
      "text": "H2: Section 26.1",
      "page": 26
    },
    {
      "level": "H3",
      "text": "H3: Subsection 26.1.1",
      "page": 26
    },
    {
      "level": "H1",
      "text": "H1: Chapter 27",
      "page": 27
    },
    {
      "level": "H2",
      "text": "H2: Section 27.1",
      "page": 27
    },
    {
      "level": "H3",
      "text": "H3: Subsection 27.1.1",
      "page": 27
    },
    {
      "level": "H1",
      "text": "H1: Chapter 28",
      "page": 28
    },
    {
      "level": "H2",
      "text": "H2: Section 28.1",
      "page": 28
    },
    {
      "level": "H3",
      "text": "H3: Subsection 28.1.1",
      "page": 28
    },
    {
      "level": "H1",
      "text": "H1: Chapter 29",
      "page": 29
    },
    {
      "level": "H2",
      "text": "H2: Section 29.1",
      "page": 29
    },
    {
      "level": "H3",
      "text": "H3: Subsection 29.1.1",
      "page": 29
    },
    {
      "level": "H1",
      "text": "H1: Chapter 30",
      "page": 30
    },
    {
      "level": "H2",
      "text": "H2: Section 30.1",
      "page": 30
    },
    {
      "level": "H3",
      "text": "H3: Subsection 30.1.1",
      "page": 30
    },
    {
      "level": "H1",
      "text": "H1: Chapter 31",
      "page": 31
    },
    {
      "level": "H2",
      "text": "H2: Section 31.1",
      "page": 31
    },
    {
      "level": "H3",
      "text": "H3: Subsection 31.1.1",
      "page": 31
    },
    {
      "level": "H1",
      "text": "H1: Chapter 32",
      "page": 32
    },
    {
      "level": "H2",
      "text": "H2: Section 32.1",
      "page": 32
    },
    {
      "level": "H3",
      "text": "H3: Subsection 32.1.1",
      "page": 32
    },
    {
      "level": "H1",
      "text": "H1: Chapter 33",
      "page": 33
    },
    {
      "level": "H2",
      "text": "H2: Section 33.1",
      "page": 33
    },
    {
      "level": "H3",
      "text": "H3: Subsection 33.1.1",
      "page": 33
    },
    {
      "level": "H1",
      "text": "H1: Chapter 34",
      "page": 34
    },
    {
      "level": "H2",
      "text": "H2: Section 34.1",
      "page": 34
    },
    {
      "level": "H3",
      "text": "H3: Subsection 34.1.1",
      "page": 34
    },
    {
      "level": "H1",
      "text": "H1: Chapter 35",
      "page": 35
    },
    {
      "level": "H2",
      "text": "H2: Section 35.1",
      "page": 35
    },
    {
      "level": "H3",
      "text": "H3: Subsection 35.1.1",
      "page": 35
    },
    {
      "level": "H1",
      "text": "H1: Chapter 36",
      "page": 36
    },
    {
      "level": "H2",
      "text": "H2: Section 36.1",
      "page": 36
    },
    {
      "level": "H3",
      "text": "H3: Subsection 36.1.1",
      "page": 36
    },
    {
      "level": "H1",
      "text": "H1: Chapter 37",
      "page": 37
    },
    {
      "level": "H2",
      "text": "H2: Section 37.1",
      "page": 37
    },
    {
      "level": "H3",
      "text": "H3: Subsection 37.1.1",
      "page": 37
    },
    {
      "level": "H1",
      "text": "H1: Chapter 38",
      "page": 38
    },
    {
      "level": "H2",
      "text": "H2: Section 38.1",
      "page": 38
    },
    {
      "level": "H3",
      "text": "H3: Subsection 38.1.1",
      "page": 38
    },
    {
      "level": "H1",
      "text": "H1: Chapter 39",
      "page": 39
    },
    {
      "level": "H2",
      "text": "H2: Section 39.1",
      "page": 39
    },
    {
      "level": "H3",
      "text": "H3: Subsection 39.1.1",
      "page": 39
    },
    {
      "level": "H1",
      "text": "H1: Chapter 40",
      "page": 40
    },
    {
      "level": "H2",
      "text": "H2: Section 40.1",
      "page": 40
    },
    {
      "level": "H3",
      "text": "H3: Subsection 40.1.1",
      "page": 40
    },
    {
      "level": "H1",
      "text": "H1: Chapter 41",
      "page": 41
    },
    {
      "level": "H2",
      "text": "H2: Section 41.1",
      "page": 41
    },
    {
      "level": "H3",
      "text": "H3: Subsection 41.1.1",
      "page": 41
    },
    {
      "level": "H1",
      "text": "H1: Chapter 42",
      "page": 42
    },
    {
      "level": "H2",
      "text": "H2: Section 42.1",
      "page": 42
    },
    {
      "level": "H3",
      "text": "H3: Subsection 42.1.1",
      "page": 42
    },
    {
      "level": "H1",
      "text": "H1: Chapter 43",
      "page": 43
    },
    {
      "level": "H2",
      "text": "H2: Section 43.1",
      "page": 43
    },
    {
      "level": "H3",
      "text": "H3: Subsection 43.1.1",
      "page": 43
    },
    {
      "level": "H1",
      "text": "H1: Chapter 44",
      "page": 44
    },
    {
      "level": "H2",
      "text": "H2: Section 44.1",
      "page": 44
    },
    {
      "level": "H3",
      "text": "H3: Subsection 44.1.1",
      "page": 44
    },
    {
      "level": "H1",
      "text": "H1: Chapter 45",
      "page": 45
    },
    {
      "level": "H2",
      "text": "H2: Section 45.1",
      "page": 45
    },
    {
      "level": "H3",
      "text": "H3: Subsection 45.1.1",
      "page": 45
    },
    {
      "level": "H1",
      "text": "H1: Chapter 46",
      "page": 46
    },
    {
      "level": "H2",
      "text": "H2: Section 46.1",
      "page": 46
    },
    {
      "level": "H3",
      "text": "H3: Subsection 46.1.1",
      "page": 46
    },
    {
      "level": "H1",
      "text": "H1: Chapter 47",
      "page": 47
    },
    {
      "level": "H2",
      "text": "H2: Section 47.1",
      "page": 47
    },
    {
      "level": "H3",
      "text": "H3: Subsection 47.1.1",
      "page": 47
    },
    {
      "level": "H1",
      "text": "H1: Chapter 48",
      "page": 48
    },
    {
      "level": "H2",
      "text": "H2: Section 48.1",
      "page": 48
    },
    {
      "level": "H3",
      "text": "H3: Subsection 48.1.1",
      "page": 48
    },
    {
      "level": "H1",
      "text": "H1: Chapter 49",
      "page": 49
    },
    {
      "level": "H2",
      "text": "H2: Section 49.1",
      "page": 49
    },
    {
      "level": "H3",
      "text": "H3: Subsection 49.1.1",
      "page": 49
    },
    {
      "level": "H1",
      "text": "H1: Chapter 50",
      "page": 50
    },
    {
      "level": "H2",
      "text": "H2: Section 50.1",
      "page": 50
    },
    {
      "level": "H3",
      "text": "H3: Subsection 50.1.1",
      "page": 50
    }
  ]
}